i5ID,Plate,Row,Index2 (i5),Index2 (i5) with constants,Plate (Biohub),Well Position (Bioohub),Index2_ID (Biohub)
FZi5_1,1,1,TTTAGTCATTGA,AATGATACGGCGACCACCGAGATCTACACTCAATGACTAAATCGTCGGCAGCGTC,1,A1,i501A1
FZi5_2,1,2,GCGTCTATCACC,AATGATACGGCGACCACCGAGATCTACACGGTGATAGACGCTCGTCGGCAGCGTC,1,A2,i501A2
FZi5_3,1,3,AAGATACAAGAG,AATGATACGGCGACCACCGAGATCTACACCTCTTGTATCTTTCGTCGGCAGCGTC,1,A3,i501A3
FZi5_4,1,4,TGCTGTTATTTG,AATGATACGGCGACCACCGAGATCTACACCAAATAACAGCATCGTCGGCAGCGTC,1,A4,i501A4
FZi5_5,1,5,GAGGATACACAT,AATGATACGGCGACCACCGAGATCTACACATGTGTATCCTCTCGTCGGCAGCGTC,1,A5,i501A5
FZi5_6,1,6,TATGACTCGGAA,AATGATACGGCGACCACCGAGATCTACACTTCCGAGTCATATCGTCGGCAGCGTC,1,A6,i501A6
FZi5_7,1,7,CCGCCCGCTCTA,AATGATACGGCGACCACCGAGATCTACACTAGAGCGGGCGGTCGTCGGCAGCGTC,1,A7,i501A7
FZi5_8,1,8,CGCTGCGGTTCC,AATGATACGGCGACCACCGAGATCTACACGGAACCGCAGCGTCGTCGGCAGCGTC,1,A8,i501A8
FZi5_9,1,9,TCCGCTCGGTAA,AATGATACGGCGACCACCGAGATCTACACTTACCGAGCGGATCGTCGGCAGCGTC,1,A9,i501A9
FZi5_10,1,10,CCCGCTTCGGTG,AATGATACGGCGACCACCGAGATCTACACCACCGAAGCGGGTCGTCGGCAGCGTC,1,A10,i501A10
FZi5_11,1,11,CCTCACGCATCG,AATGATACGGCGACCACCGAGATCTACACCGATGCGTGAGGTCGTCGGCAGCGTC,1,A11,i501A11
FZi5_12,1,12,CAACTGATACAG,AATGATACGGCGACCACCGAGATCTACACCTGTATCAGTTGTCGTCGGCAGCGTC,1,A12,i501A12
FZi5_13,1,13,TCGGACTCCTCG,AATGATACGGCGACCACCGAGATCTACACCGAGGAGTCCGATCGTCGGCAGCGTC,1,A13,i501A13
FZi5_14,1,14,GGAAGATGTTGT,AATGATACGGCGACCACCGAGATCTACACACAACATCTTCCTCGTCGGCAGCGTC,3,J2,i503J2
FZi5_15,1,15,ATACGGAGAACG,AATGATACGGCGACCACCGAGATCTACACCGTTCTCCGTATTCGTCGGCAGCGTC,1,M4,i501M4
FZi5_16,1,16,ATACTATTCGGC,AATGATACGGCGACCACCGAGATCTACACGCCGAATAGTATTCGTCGGCAGCGTC,8,P19,i508P19
FZi5_17,2,1,CGAGTAGCCCGC,AATGATACGGCGACCACCGAGATCTACACGCGGGCTACTCGTCGTCGGCAGCGTC,1,A17,i501A17
FZi5_18,2,2,CGAAACTCACTA,AATGATACGGCGACCACCGAGATCTACACTAGTGAGTTTCGTCGTCGGCAGCGTC,1,A18,i501A18
FZi5_19,2,3,ATGAGGCGGAGG,AATGATACGGCGACCACCGAGATCTACACCCTCCGCCTCATTCGTCGGCAGCGTC,1,A19,i501A19
FZi5_20,2,4,ACTGGCTAAAGC,AATGATACGGCGACCACCGAGATCTACACGCTTTAGCCAGTTCGTCGGCAGCGTC,1,A20,i501A20
FZi5_21,2,5,GGGTGTCCTCCA,AATGATACGGCGACCACCGAGATCTACACTGGAGGACACCCTCGTCGGCAGCGTC,1,A21,i501A21
FZi5_22,2,6,CCAGTTTCCTAA,AATGATACGGCGACCACCGAGATCTACACTTAGGAAACTGGTCGTCGGCAGCGTC,1,A22,i501A22
FZi5_23,2,7,ACACCAGCAAGT,AATGATACGGCGACCACCGAGATCTACACACTTGCTGGTGTTCGTCGGCAGCGTC,1,A23,i501A23
FZi5_24,2,8,ACTTAGCGTCGG,AATGATACGGCGACCACCGAGATCTACACCCGACGCTAAGTTCGTCGGCAGCGTC,1,A24,i501A24
FZi5_25,2,9,AAGTGCTTTAGA,AATGATACGGCGACCACCGAGATCTACACTCTAAAGCACTTTCGTCGGCAGCGTC,1,B1,i501B1
FZi5_26,2,10,GCGATACTAATA,AATGATACGGCGACCACCGAGATCTACACTATTAGTATCGCTCGTCGGCAGCGTC,1,B2,i501B2
FZi5_27,2,11,GGGTAGTATCCA,AATGATACGGCGACCACCGAGATCTACACTGGATACTACCCTCGTCGGCAGCGTC,1,B3,i501B3
FZi5_28,2,12,ACAGTGTAGTCG,AATGATACGGCGACCACCGAGATCTACACCGACTACACTGTTCGTCGGCAGCGTC,1,B4,i501B4
FZi5_29,2,13,GTGCCGCAATCG,AATGATACGGCGACCACCGAGATCTACACCGATTGCGGCACTCGTCGGCAGCGTC,1,B5,i501B5
FZi5_30,2,14,TACTGAAATGTC,AATGATACGGCGACCACCGAGATCTACACGACATTTCAGTATCGTCGGCAGCGTC,11,E13,i511E13
FZi5_31,2,15,TACACTAACCAT,AATGATACGGCGACCACCGAGATCTACACATGGTTAGTGTATCGTCGGCAGCGTC,3,I14,i503I14
FZi5_32,2,16,TCCCAACTGGAT,AATGATACGGCGACCACCGAGATCTACACATCCAGTTGGGATCGTCGGCAGCGTC,11,H1,i511H1
,,,,,,,
i7ID,,,,,,,
i7_test,,,CCACACAAGAGA,CAAGCAGAAGACGGCATACGAGATTCTCTTGTGTGGGTCTCGTGGGCTCGG,,,
Shruthi i7_2.2,,,CGTACTAG,CAAGCAGAAGACGGCATACGAGATCTAGTACGGTCTCGTGGGCTCGGAGATGT,,,
